sn,jl,en,xl
西直门,909,车公庄,2号线
车公庄,960,阜成门,2号线
阜成门,1832,复兴门,2号线
复兴门,1234,长椿街,2号线
长椿街,929,宣武门,2号线
宣武门,851,和平门,2号线
和平门,1171,前门,2号线
前门,1634,崇文门,2号线
崇文门,1023,北京站,2号线
北京站,945,建国门,2号线
建国门,1763,朝阳门,2号线
朝阳门,1027,东四十条,2号线
东四十条,824,东直门,2号线
东直门,2228,雍和宫,2号线
雍和宫,794,安定门,2号线
安定门,1237,鼓楼大街,2号线
鼓楼大街,1766,积水潭,2号线
积水潭,1899,西直门,2号线