sn,jl,en,xl
朱辛庄,2318,育知路,8号线
育知路,1985,平西府,8号线
平西府,2056,回龙观东大街,8号线
回龙观东大街,1114,霍营,8号线
霍营,1894,育新,8号线
育新,1543,西小口,8号线
西小口,1041,永泰庄,8号线
永泰庄,2553,林萃桥,8号线
林萃桥,2555,森林公园南门,8号线
森林公园南门,1016,奥林匹克公园,8号线
奥林匹克公园,1667,奥体中心,8号线
奥体中心,900,北土城,8号线
北土城,1018,安华桥,8号线
安华桥,1274,安德里北街,8号线
安德里北街,1083,鼓楼大街,8号线
鼓楼大街,1188,什刹海,8号线
什刹海,902,南锣鼓巷,8号线