sn,jl,en,xl
西直门,2839,大钟寺,13号线
大钟寺,1206,知春路,13号线
知春路,1829,五道口,13号线
五道口,4866,上地,13号线
上地,2538,西二旗,13号线
西二旗,3623,龙泽,13号线
龙泽,1423,回龙观,13号线
回龙观,2110,霍营,13号线
霍营,4785,立水桥,13号线
立水桥,2272,北苑,13号线
北苑,6720,望京西,13号线
望京西,2152,芍药居,13号线
芍药居,1110,光熙门,13号线
光熙门,1135,柳芳,13号线
柳芳,1769,东直门,13号线