sn,jl,en,xl
北京西站,935,湾子,7号线
湾子,734,达官营,7号线
达官营,1874,广安门内,7号线
广安门内,1374,菜市口,7号线
菜市口,885,虎坊桥,7号线
虎坊桥,1205,珠市口,7号线
珠市口,869,桥湾,7号线
桥湾,1016,磁器口,7号线
磁器口,1138,广渠门内,7号线
广渠门内,1332,广渠门外,7号线
广渠门外,1241,双井,7号线
双井,1311,九龙山,7号线
九龙山,781,大郊亭,7号线
大郊亭,865,百子湾,7号线
百子湾,903,化工,7号线
化工,1464,南楼梓庄,7号线
南楼梓庄,906,欢乐谷景区,7号线
欢乐谷景区,1679,垡头,7号线
垡头,1304,双合,7号线
双合,1021,焦化厂,7号线