sn,jl,en,xl
清华东路西口,1144,六道口,15号线
六道口,1337,北沙滩,15号线
北沙滩,1999,奥林匹克公园,15号线
奥林匹克公园,1368,安立路,15号线
安立路,938,大屯路东,15号线
大屯路东,1087,关庄,15号线
关庄,2071,望京西,15号线
望京西,1758,望京,15号线
望京,1652,望京东,15号线
望京东,2295,崔各庄,15号线
崔各庄,2008,马泉营,15号线
马泉营,3309,孙河,15号线
孙河,3386,国展,15号线
国展,1615,花梨坎,15号线
花梨坎,3354,后沙峪,15号线
后沙峪,4576,南法信,15号线
南法信,2712,石门,15号线
石门,1331,顺义,15号线
顺义,2441,俸伯,15号线
