sn,jl,en,xl
张郭庄,1345,园博园,14号线
园博园,4073,大瓦窑,14号线
大瓦窑,1236,郭庄子,14号线
郭庄子,2044,大井,14号线
大井,1579,七里庄,14号线
七里庄,845,西局,14号线
北京南站,887,陶然桥,14号线
陶然桥,1063,永定门外,14号线
永定门外,1119,景泰,14号线
景泰,1025,蒲黄榆,14号线
蒲黄榆,1486,方庄,14号线
方庄,1618,十里河,14号线
十里河,1147,南八里庄,14号线
南八里庄,1276,北工大西门,14号线
北工大西门,1128,平乐园,14号线
平乐园,897,九龙山,14号线
九龙山,1780,大望路,14号线
大望路,708,红庙,14号线
红庙,894,金台路,14号线
金台路,1085,朝阳公园,14号线
朝阳公园,1221,枣营,14号线
枣营,2173,东风北桥,14号线
东风北桥,1600,将台,14号线
将台,1171,高家园,14号线
高家园,676,望京南,14号线
望京南,1168,阜通,14号线
阜通,903,望京,14号线
望京,1283,东湖渠,14号线
东湖渠,1100,来广营,14号线
来广营,1364,善各庄,14号线