sn,jl,en,xl
巴沟,1110,苏州街,10号线
苏州街,950,海淀黄庄,10号线
海淀黄庄,975,知春里,10号线
知春里,1058,知春路,10号线
知春路,1101,西土城,10号线
西土城,1330,牡丹园,10号线
牡丹园,973,健德门,10号线
健德门,1100,北土城,10号线
北土城,1020,安贞门,10号线
安贞门,982,惠新西街南口,10号线
惠新西街南口,1712,芍药居,10号线
芍药居,1003,太阳宫,10号线
太阳宫,1759,三元桥,10号线
三元桥,1506,亮马桥,10号线
亮马桥,914,农业展览馆,10号线
农业展览馆,853,团结湖,10号线
团结湖,1149,呼家楼,10号线
呼家楼,734,金台夕照,10号线
金台夕照,835,国贸,10号线
国贸,1759,双井,10号线
双井,1006,劲松,10号线
劲松,1021,潘家园,10号线
潘家园,1097,十里河,10号线
十里河,1804,分钟寺,10号线
分钟寺,1058,成寿寺,10号线
成寿寺,1677,宋家庄,10号线
宋家庄,1269,石榴庄,10号线
石榴庄,1244,大红门,10号线
大红门,1130,角门东,10号线
角门东,1254,角门西,10号线
角门西,1688,草桥,10号线
草桥,1547,纪家庙,10号线
纪家庙,1143,首经贸,10号线
首经贸,1717,丰台站,10号线
丰台站,954,泥洼,10号线
泥洼,749,西局,10号线
西局,1584,六里桥,10号线
六里桥,2392,莲花桥,10号线
莲花桥,1016,公主坟,10号线
公主坟,2386,西钓鱼台,10号线
西钓鱼台,1214,慈寿寺,10号线
慈寿寺,1590,车道沟,10号线
车道沟,1205,长春桥,10号线
长春桥,961,火器营,10号线
火器营,1495,巴沟,10号线