sn,jl,en,xl
天通苑北,939,天通苑,5号线
天通苑,965,天通苑南,5号线
天通苑南,1544,立水桥,5号线
立水桥,1305,立水桥南,5号线
立水桥南,1286,北苑路北,5号线
北苑路北,3000,大屯路东,5号线
大屯路东,1838,惠新西街北口,5号线
惠新西街北口,1122,惠新西街南口,5号线
惠新西街南口,1025,和平西桥,5号线
和平西桥,1059,和平里北街,5号线
和平里北街,1151,雍和宫,5号线
雍和宫,866,北新桥,5号线
北新桥,791,张自忠路,5号线
张自忠路,1016,东四,5号线
东四,848,灯市口,5号线
灯市口,945,东单,5号线
东单,821,崇文门,5号线
崇文门,876,磁器口,5号线
磁器口,1183,天坛东门,5号线
天坛东门,1900,蒲黄榆,5号线
蒲黄榆,905,刘家窑,5号线
刘家窑,1670,宋家庄,5号线
