sn,jl,en,xl
海淀五路居,1508,慈寿寺,6号线
慈寿寺,1431,花园桥,6号线
花园桥,1166,白石桥南,6号线
白石桥南,1664,车公庄西,6号线
车公庄西,887,车公庄,6号线
车公庄,1443,平安里,6号线
平安里,1321,北海北,6号线
北海北,1349,南锣鼓巷,6号线
南锣鼓巷,1937,东四,6号线
东四,1399,朝阳门,6号线
朝阳门,1668,东大桥,6号线
东大桥,845,呼家楼,6号线
呼家楼,1450,金台路,6号线
金台路,2036,十里堡,6号线
十里堡,1282,青年路,6号线
青年路,3999,褡裢坡,6号线
褡裢坡,1238,黄渠,6号线
黄渠,1854,常营,6号线
常营,1405,草房,6号线
草房,2115,物资学院路,6号线
物资学院路,2557,通州北关,6号线
通州北关,1468,通运门,6号线
通运门,1543,北运河西,6号线
北运河西,1599,北运河东,6号线
北运河东,929,郝家府,6号线
郝家府,1346,东夏园,6号线
东夏园,1194,潞城,6号线
