sn,jl,en,xl
安河桥北,1363,北宫门,4号线
北宫门,1251,西苑,4号线
西苑,1672,圆明园,4号线
圆明园,1295,北京大学东门,4号线
北京大学东门,887,中关村,4号线
中关村,900,海淀黄庄,4号线
海淀黄庄,1063,人民大学,4号线
人民大学,1051,魏公村,4号线
魏公村,1658,国家图书馆,4号线
国家图书馆,1517,动物园,4号线
动物园,1441,西直门,4号线
西直门,1025,新街口,4号线
新街口,1100,平安里,4号线
平安里,1100,西四,4号线
西四,869,灵境胡同,4号线
灵境胡同,1011,西单,4号线
西单,815,宣武门,4号线
宣武门,1152,菜市口,4号线
菜市口,1200,陶然亭,4号线
陶然亭,1643,北京南站,4号线
北京南站,1480,马家堡,4号线
马家堡,827,角门西,4号线
角门西,989,公益西桥,4号线
