sn,jl,en,xl
苹果园,2606,古城,1号线
古城,1921,八角游乐园,1号线
八角游乐园,1953,八宝山,1号线
八宝山,1479,玉泉路,1号线
玉泉路,1810,五棵松,1号线
五棵松,1778,万寿路,1号线
万寿路,1313,公主坟,1号线
公主坟,1172,军事博物馆,1号线
军事博物馆,1166,木樨地,1号线
木樨地,1291,南礼士路,1号线
南礼士路,424,复兴门,1号线
复兴门,1590,西单,1号线
西单,1217,天安门西,1号线
天安门西,925,天安门东,1号线
天安门东,852,王府井,1号线
王府井,774,东单,1号线
东单,1230,建国门,1号线
建国门,1377,永安里,1号线
永安里,790,国贸,1号线
国贸,1385,大望路,1号线
大望路,1673,四惠,1号线
四惠,1714,四惠东,1号线