id,name
1,苹果园
2,古城
3,八角游乐园
4,八宝山
5,玉泉路
6,五棵松
7,万寿路
8,公主坟
9,军事博物馆
10,木樨地
11,南礼士路
12,复兴门
13,西单
14,天安门西
15,天安门东
16,王府井
17,东单
18,建国门
19,永安里
20,国贸
21,大望路
22,四惠
23,四惠东
24,西直门
25,车公庄
26,阜成门
27,长椿街
28,宣武门
29,和平门
30,前门
31,崇文门
32,北京站
33,朝阳门
34,东四十条
35,东直门
36,雍和宫
37,安定门
38,鼓楼大街
39,积水潭
40,安河桥北
41,北宫门
42,西苑
43,圆明园
44,北京大学东门
45,中关村
46,海淀黄庄
47,人民大学
48,魏公村
49,国家图书馆
50,动物园
51,新街口
52,平安里
53,西四
54,灵境胡同
55,菜市口
56,陶然亭
57,北京南站
58,马家堡
59,角门西
60,公益西桥
61,天通苑北
62,天通苑
63,天通苑南
64,立水桥
65,立水桥南
66,北苑路北
67,大屯路东
68,惠新西街北口
69,惠新西街南口
70,和平西桥
71,和平里北街
72,北新桥
73,张自忠路
74,东四
75,灯市口
76,磁器口
77,天坛东门
78,蒲黄榆
79,刘家窑
80,宋家庄
81,海淀五路居
82,慈寿寺
83,花园桥
84,白石桥南
85,车公庄西
86,北海北
87,南锣鼓巷
88,东大桥
89,呼家楼
90,金台路
91,十里堡
92,青年路
93,褡裢坡
94,黄渠
95,常营
96,草房
97,物资学院路
98,通州北关
99,通运门
100,北运河西
101,北运河东
102,郝家府
103,东夏园
104,潞城
105,北京西站
106,湾子
107,达官营
108,广安门内
109,虎坊桥
110,珠市口
111,桥湾
112,广渠门内
113,广渠门外
114,双井
115,九龙山
116,大郊亭
117,百子湾
118,化工
119,南楼梓庄
120,欢乐谷景区
121,垡头
122,双合
123,焦化厂
124,朱辛庄
125,育知路
126,平西府
127,回龙观东大街
128,霍营
129,育新
130,西小口
131,永泰庄
132,林萃桥
133,森林公园南门
134,奥林匹克公园
135,奥体中心
136,北土城
137,安华桥
138,安德里北街
139,什刹海
140,白堆子
141,六里桥东
142,六里桥
143,七里庄
144,丰台东大街
145,丰台南路
146,科怡路
147,丰台科技园
148,郭公庄
149,巴沟
150,苏州街
151,知春里
152,知春路
153,西土城
154,牡丹园
155,健德门
156,安贞门
157,芍药居
158,太阳宫
159,三元桥
160,亮马桥
161,农业展览馆
162,团结湖
163,金台夕照
164,劲松
165,潘家园
166,十里河
167,分钟寺
168,成寿寺
169,石榴庄
170,大红门
171,角门东
172,草桥
173,纪家庙
174,首经贸
175,丰台站
176,泥洼
177,西局
178,莲花桥
179,西钓鱼台
180,车道沟
181,长春桥
182,火器营
183,大钟寺
184,五道口
185,上地
186,西二旗
187,龙泽
188,回龙观
189,北苑
190,望京西
191,光熙门
192,柳芳
193,张郭庄
194,园博园
195,大瓦窑
196,郭庄子
197,大井
198,陶然桥
199,永定门外
200,景泰
201,方庄
202,南八里庄
203,北工大西门
204,平乐园
205,红庙
206,朝阳公园
207,枣营
208,东风北桥
209,将台
210,高家园
211,望京南
212,阜通
213,望京
214,东湖渠
215,来广营
216,善各庄
217,清华东路西口
218,六道口
219,北沙滩
220,安立路
221,关庄
222,望京东
223,崔各庄
224,马泉营
225,孙河
226,国展
227,花梨坎
228,后沙峪
229,南法信
230,石门
231,顺义
232,俸伯
233,高碑店
234,传媒大学
235,双桥
236,管庄
237,八里桥
238,通州北苑
239,果园
240,九棵树—
241,梨园
242,临河里
243,土桥
244,昌平西山口
245,十三陵景区
246,昌平
247,昌平东关
248,北邵洼
249,南邵
250,沙河高教园
251,沙河
252,巩华城
253,生命科学园
254,肖村
255,小红门
256,旧宫
257,亦庄桥
258,亦庄文化园
259,万源街
260,荣京东街
261,荣昌东街
262,同济南路
263,经海路
264,次渠南
265,次渠
266,新宫
267,西红门
268,高米店北
269,高米店南
270,枣园
271,清源路
272,黄村西大街
273,黄村火车站
274,义和庄
275,生物医药基地
276,天宫院
277,大葆台
278,稻田
279,长阳
280,篱笆房
281,广阳城
282,良乡大学城北
283,良乡大学城
284,良乡大学城西
285,良乡南关
286,苏庄
287,T3航站楼
288,T2航站楼